,City,Lat,Lng,Max Temp,Humidity,Cloudiness,Wind Speed,Country,Date
0,Provideniya,64.3833,-173.3,11.73,85,99,3.27,RU,1628244960
1,Petropavlovsk-Kamchatskiy,53.0452,158.6483,12.33,62,75,3.0,RU,1628244960
2,Nikolskoye,59.7035,30.7861,20.94,66,55,4.96,RU,1628244960
3,Kibaya,-5.3,36.5667,24.18,37,21,3.15,TZ,1628244961
4,Saskylakh,71.9167,114.0833,15.1,47,100,6.24,RU,1628244961
5,Beira,-19.8436,34.8389,25.05,69,20,2.06,MZ,1628244962
6,Lagoa,39.05,-27.9833,22.07,72,6,8.03,PT,1628244962
7,Lavrentiya,65.5833,-171.0,9.18,92,100,3.17,RU,1628244962
8,Albany,42.6001,-73.9662,17.02,92,1,1.22,US,1628244751
9,Mataura,-46.1927,168.8643,6.93,98,100,1.37,NZ,1628244964
10,Hvittingfoss,59.4833,10.0167,21.03,48,80,0.45,NO,1628244964
11,Magán,39.9683,-3.931,30.83,26,23,5.09,ES,1628244965
12,Touros,-5.1989,-35.4608,23.5,74,97,7.06,BR,1628244966
13,Vaini,-21.2,-175.2,22.09,88,75,4.63,TO,1628244966
14,East London,-33.0153,27.9116,20.52,60,20,7.72,ZA,1628244967
15,Santarém,-2.4431,-54.7083,23.07,100,40,0.0,BR,1628244967
16,Kiama,-34.6833,150.8667,14.65,58,0,4.63,AU,1628244967
17,Ipixuna,-1.7625,-48.8043,24.97,94,6,1.2,BR,1628244968
18,Qinhuangdao,39.9317,119.5883,27.43,78,0,2.7,CN,1628244969
19,Vila,42.0304,-8.1588,14.83,71,19,2.13,PT,1628244969
20,Havelock,34.8791,-76.9013,23.85,96,47,2.62,US,1628244966
21,Bluff,-46.6,168.3333,7.11,86,100,7.34,NZ,1628244970
22,Ushuaia,-54.8,-68.3,1.81,64,40,6.69,AR,1628244895
23,Masty,53.4122,24.5387,15.06,82,99,5.15,BY,1628244970
24,George Town,5.4112,100.3354,31.97,70,20,0.45,MY,1628244971
25,Kapaa,22.0752,-159.319,26.18,82,90,1.34,US,1628244971
26,Westport,41.1415,-73.3579,20.66,97,1,0.45,US,1628244972
27,Avarua,-21.2078,-159.775,21.03,78,100,2.06,CK,1628244972
28,Rikitea,-23.1203,-134.9692,23.2,78,8,6.04,PF,1628244972
29,Massaguet,12.4755,15.4365,23.02,58,95,6.66,TD,1628244973
30,Daru,-9.0763,143.2092,24.52,82,66,7.68,PG,1628244973
31,Punta Arenas,-53.15,-70.9167,1.06,80,75,7.72,CL,1628244764
32,Necochea,-38.5473,-58.7368,7.8,93,2,4.6,AR,1628244974
33,Clyde River,70.4692,-68.5914,3.13,100,90,3.6,CA,1628244974
34,Ayan,56.45,138.1667,12.89,86,98,3.69,RU,1628244975
35,Uíge,-7.6087,15.0613,30.98,31,45,1.47,AO,1628244975
36,Butaritari,3.0707,172.7902,28.79,66,27,5.39,KI,1628244976
37,Paamiut,61.994,-49.6678,6.24,92,73,0.09,GL,1628244976
38,Tuatapere,-46.1333,167.6833,7.12,88,100,2.33,NZ,1628244976
39,Kavaratti,10.5669,72.642,27.91,82,100,10.0,IN,1628244977
40,Bethel,41.3712,-73.414,19.16,93,90,0.0,US,1628244685
41,Ocampo,21.65,-101.5,14.16,86,100,2.5,MX,1628244977
42,Ponta do Sol,32.6667,-17.1,25.4,78,65,1.09,PT,1628244978
43,Thompson,55.7435,-97.8558,6.09,93,90,2.06,CA,1628244780
44,Three Hills,51.7001,-113.2686,16.66,87,100,1.03,CA,1628244978
45,Gisborne,-38.6533,178.0042,9.97,85,100,2.55,NZ,1628244979
46,Malbork,54.0359,19.0266,19.37,65,100,6.27,PL,1628244979
47,Longyearbyen,78.2186,15.6401,7.91,66,40,4.12,SJ,1628244980
48,Chippewa Falls,44.9369,-91.3929,18.32,93,1,0.0,US,1628244850
49,Busselton,-33.65,115.3333,14.01,73,0,3.43,AU,1628244980
50,Bredasdorp,-34.5322,20.0403,17.62,68,75,3.09,ZA,1628244981
51,Lebu,-37.6167,-73.65,10.54,89,100,1.94,CL,1628244981
52,Sitka,57.0531,-135.33,12.94,88,40,1.54,US,1628244982
53,Ust-Nera,64.5667,143.2,15.13,55,12,1.95,RU,1628244982
54,Burns Lake,54.2331,-125.7533,8.68,82,14,1.89,CA,1628244908
55,Los Llanos de Aridane,28.6585,-17.9182,22.29,84,40,5.14,ES,1628244984
56,Cherskiy,68.75,161.3,7.19,82,82,3.57,RU,1628244984
57,Klaksvík,62.2266,-6.589,14.51,96,99,4.93,FO,1628244985
58,Banbury,52.0602,-1.3403,19.26,81,83,1.34,GB,1628244985
59,Province of Siena,43.2167,11.4,28.61,51,2,2.76,IT,1628244986
60,Hohoe,7.1518,0.4736,26.16,75,88,1.99,GH,1628244977
61,Hamilton,39.1834,-84.5333,19.84,93,40,0.0,US,1628244986
62,Xai-Xai,-25.0519,33.6442,28.16,31,0,3.85,MZ,1628244987
63,Ribeira Grande,38.5167,-28.7,25.22,65,20,5.14,PT,1628244987
64,Barrow,71.2906,-156.7887,2.01,77,90,6.17,US,1628244902
65,Norfolk,42.1668,-71.2495,18.94,96,20,0.0,US,1628244988
66,Hobart,-42.8794,147.3294,11.92,59,20,0.45,AU,1628244930
67,Dingle,10.9995,122.6711,27.65,79,80,4.93,PH,1628244988
68,Muscatine,41.4667,-91.1335,21.09,91,90,4.12,US,1628244989
69,Yellowknife,62.456,-114.3525,13.49,66,78,3.58,CA,1628244856
70,Bambous Virieux,-20.3428,57.7575,24.14,60,40,4.63,MU,1628244989
71,Cidreira,-30.1811,-50.2056,14.84,94,100,6.64,BR,1628244990
72,Port Alfred,-33.5906,26.891,17.94,75,41,6.74,ZA,1628244990
73,Hithadhoo,-0.6,73.0833,27.75,70,100,3.63,MV,1628244991
74,Hasaki,35.7333,140.8333,27.94,85,12,3.21,JP,1628244991
75,Norman Wells,65.282,-126.8329,11.02,93,75,0.0,CA,1628244991
76,Kaohsiung City,22.6163,120.3133,27.97,92,90,5.36,TW,1628244957
77,Carnarvon,-24.8667,113.6333,20.04,45,17,3.09,AU,1628244992
78,Upernavik,72.7868,-56.1549,6.13,83,71,6.5,GL,1628244993
79,Breves,-1.6822,-50.4803,22.71,91,7,1.44,BR,1628244993
80,Te Anau,-45.4167,167.7167,5.3,92,99,1.16,NZ,1628244993
81,Luba,3.4568,8.5547,24.75,85,100,1.07,GQ,1628244994
82,Jumla,29.2747,82.1838,18.49,90,100,0.9,NP,1628244905
83,Namatanai,-3.6667,152.4333,25.38,87,100,3.59,PG,1628244994
84,Ponta Delgada,37.7333,-25.6667,24.4,73,20,4.63,PT,1628244995
85,Wagar,16.1525,36.2032,30.54,54,100,3.13,SD,1628244995
86,Matagami,49.7502,-77.6328,17.06,94,90,3.09,CA,1628244863
87,Priladozhskiy,59.85,31.4833,20.81,80,74,5.52,RU,1628244996
88,Katsuura,35.1333,140.3,31.73,88,14,3.53,JP,1628244996
89,Castro,-24.7911,-50.0119,7.93,99,100,2.5,BR,1628244768
90,Poum,-20.2333,164.0167,20.89,64,52,9.3,NC,1628244997
91,Plettenberg Bay,-34.0527,23.3716,17.52,71,44,2.12,ZA,1628244997
92,Wewak,-3.5534,143.6268,26.65,85,21,3.63,PG,1628244998
93,Kuala Selangor,3.35,101.25,29.39,68,99,1.72,MY,1628244779
94,Agadez,19.75,10.25,38.32,8,94,1.72,NE,1628244797
95,Cockburn Town,21.4612,-71.1419,27.88,75,25,7.87,TC,1628244999
96,Flinders,-34.5833,150.8552,14.54,58,0,1.79,AU,1628244999
97,Sémbé,1.6481,14.5806,26.35,75,90,2.32,CG,1628244999
98,Caravelas,-17.7125,-39.2481,21.48,69,55,4.73,BR,1628245000
99,Tuktoyaktuk,69.4541,-133.0374,3.22,83,100,7.95,CA,1628245001
100,Rondonópolis,-16.4708,-54.6356,19.28,41,100,1.62,BR,1628245001
101,Aykhal,66.0,111.5,13.96,53,56,10.63,RU,1628245002
102,Parabel',58.6978,81.4825,23.24,59,87,3.53,RU,1628245002
103,Deputatsky,69.3,139.9,5.36,81,100,4.06,RU,1628245002
104,Jamestown,42.097,-79.2353,16.58,98,1,1.88,US,1628244970
105,Walvis Bay,-22.9575,14.5053,20.18,44,1,4.0,NA,1628245003
106,Saint Paul Harbor,57.79,-152.4072,11.73,94,90,2.06,US,1628245004
107,Alice Springs,-23.7,133.8833,11.75,37,0,3.6,AU,1628245004
108,Vardø,70.3705,31.1107,19.86,87,0,3.6,NO,1628245004
109,Batagay-Alyta,67.8006,130.4114,11.01,57,60,1.72,RU,1628244736
110,Saint-Imier,47.1528,6.9969,19.7,67,75,6.17,CH,1628245005
111,Cabo San Lucas,22.8909,-109.9124,28.62,81,75,1.34,MX,1628245005
112,Atuona,-9.8,-139.0333,25.16,79,19,6.25,PF,1628244891
113,Lebedinyy,58.5167,125.5167,15.61,88,100,1.47,RU,1628245006
114,Māndal,25.45,74.5667,26.64,82,100,3.23,IN,1628245006
115,Tromsø,69.6496,18.957,20.36,67,0,1.54,NO,1628245007
116,Solnechnyy,50.7214,136.6319,14.91,99,100,1.99,RU,1628245007
117,Saint George,37.1041,-113.5841,33.33,25,1,3.13,US,1628244935
118,Sarh,9.1429,18.3923,27.95,69,40,6.17,TD,1628245008
119,Yeppoon,-23.1333,150.7333,15.88,70,100,2.52,AU,1628245008
120,Rome,43.2128,-75.4557,17.16,93,1,2.06,US,1628244831
121,Richards Bay,-28.783,32.0377,25.48,39,0,5.2,ZA,1628245009
122,Harper,4.375,-7.7169,26.65,65,58,3.92,LR,1628245009
123,Qaanaaq,77.484,-69.3632,6.0,59,3,2.54,GL,1628245010
124,Lemon Tree Passage,-32.7327,152.036,14.87,87,0,2.78,AU,1628245010
125,Stornoway,58.2093,-6.3865,16.63,88,40,4.12,GB,1628245011
126,Pelym,61.0108,61.9978,17.14,70,100,4.57,RU,1628245011
127,Cape Town,-33.9258,18.4232,20.62,66,0,1.03,ZA,1628244960
128,San Juan,-31.5375,-68.5364,13.32,39,95,1.23,AR,1628245012
129,Omsukchan,62.5333,155.8,6.29,81,72,3.47,RU,1628245012
130,Khovd,48.0056,91.6419,23.06,25,85,5.26,MN,1628245013
131,Geraldton,-28.7667,114.6,15.23,72,0,4.12,AU,1628245013
132,Myatlevo,54.8969,35.6762,19.97,96,100,2.93,RU,1628245014
133,Nome,64.5011,-165.4064,11.04,93,90,0.0,US,1628245014
134,South Sioux City,42.4739,-96.4136,20.15,75,1,1.79,US,1628245015
135,Torbay,47.6666,-52.7314,20.98,96,75,10.29,CA,1628245015
136,Hauterive,46.0901,3.4459,22.42,58,93,4.05,FR,1628245016
137,Chazuta,-6.5742,-76.1367,19.38,77,0,1.26,PE,1628245016
138,Hermanus,-34.4187,19.2345,20.5,71,0,1.75,ZA,1628245016
139,Batemans Bay,-35.7167,150.1833,9.39,82,13,1.37,AU,1628245017
140,Faanui,-16.4833,-151.75,25.85,75,29,3.07,PF,1628245017
141,Iqaluit,63.7506,-68.5145,5.85,70,90,2.24,CA,1628245018
142,Fort Nelson,58.8053,-122.7002,13.04,98,96,1.3,CA,1628244724
143,Vanderhoof,54.0166,-124.0198,13.09,47,99,2.91,CA,1628245018
144,Half Moon Bay,37.4636,-122.4286,16.9,90,1,0.0,US,1628244781
145,Fortuna,40.5982,-124.1573,15.82,74,90,0.45,US,1628245019
146,Padang,-0.9492,100.3543,30.03,69,60,1.61,ID,1628245020
147,Loukísia,38.4833,23.45,37.08,18,100,6.17,GR,1628245020
148,Vila Franca do Campo,37.7167,-25.4333,24.23,87,78,4.51,PT,1628245021
149,Pevek,69.7008,170.3133,3.96,98,99,1.07,RU,1628245021
150,Dikson,73.5069,80.5464,8.37,97,98,1.14,RU,1628245021
151,Puerto Ayora,-0.7393,-90.3518,20.86,93,37,3.13,EC,1628245023
152,Lieksa,63.3167,30.0167,19.23,44,81,2.0,FI,1628245023
153,Ndélé,8.4109,20.6473,28.52,68,94,2.79,CF,1628245024
154,Alofi,-19.0595,-169.9187,19.94,94,9,0.51,NU,1628245024
155,Hilo,19.7297,-155.09,23.12,90,90,3.6,US,1628245024
156,Nyurba,63.2842,118.3319,24.11,32,21,2.59,RU,1628245025
157,Sur,22.5667,59.5289,37.04,40,51,1.77,OM,1628245025
158,Vostok,46.4856,135.8833,20.72,92,96,0.43,RU,1628245026
159,Asău,46.4333,26.4,29.66,46,99,5.68,RO,1628245026
160,Aklavik,68.2191,-135.0107,5.46,89,100,7.07,CA,1628245027
161,Trairi,-3.2778,-39.2689,25.76,63,25,5.81,BR,1628244973
162,Mehamn,71.0357,27.8492,16.1,76,0,2.06,NO,1628245027
163,Lerwick,60.1545,-1.1494,17.0,84,100,9.63,GB,1628245028
164,Eureka,40.8021,-124.1637,15.97,93,72,1.55,US,1628244797
165,Hong Kong,22.2855,114.1577,30.98,90,100,1.79,HK,1628245025
166,São Filipe,14.8961,-24.4956,25.13,86,100,3.2,CV,1628245029
167,Port Elizabeth,-33.918,25.5701,18.94,77,40,7.2,ZA,1628245029
168,Ilulissat,69.2167,-51.1,7.01,93,75,3.09,GL,1628245030
169,New Norfolk,-42.7826,147.0587,11.72,61,99,2.24,AU,1628245030
170,Elbistan,38.2059,37.1983,34.04,17,60,1.37,TR,1628245031
171,Ust'-Koksa,50.2696,85.6108,19.25,56,100,0.98,RU,1628245031
172,Merauke,-8.4667,140.3333,25.57,80,59,6.98,ID,1628245032
173,São Francisco do Sul,-26.2433,-48.6381,17.98,95,100,0.83,BR,1628245033
174,Catalão,-18.1658,-47.9464,15.02,74,100,4.56,BR,1628245033
175,Khatanga,71.9667,102.5,23.03,26,38,6.21,RU,1628245033
176,Praia da Vitória,38.7333,-27.0667,24.86,78,20,7.19,PT,1628245034
177,Trat,12.5,102.5,30.54,90,100,2.34,TH,1628245034
178,Mount Gambier,-37.8333,140.7667,9.95,87,75,3.09,AU,1628245035
179,Santa Cruz de la Sierra,-17.8,-63.1667,15.03,77,0,1.54,BO,1628244886
180,Tautira,-17.7333,-149.15,25.01,72,13,1.96,PF,1628245035
181,Coquimbo,-29.9533,-71.3436,11.85,93,90,2.06,CL,1628245036
182,Smoky Lake,54.1169,-112.4686,16.4,77,2,3.6,CA,1628245036
183,Mokolo,10.7398,13.8019,25.16,72,99,1.7,CM,1628245037
184,San Jose,37.3394,-121.895,16.87,87,75,0.0,US,1628244821
185,São João da Barra,-21.6403,-41.0511,18.05,79,10,1.32,BR,1628244920
186,Pandan,14.0453,124.1694,29.95,68,68,7.02,PH,1628245037
187,Shache,38.4167,77.2406,33.97,17,100,2.65,CN,1628245038
188,Kahului,20.8947,-156.47,25.47,85,75,7.2,US,1628245038
189,Suffern,41.1148,-74.1496,20.64,95,1,1.28,US,1628245038
190,Konza,-1.7426,37.1294,21.18,51,77,2.91,KE,1628245039
191,Malayal,7.208,121.942,28.2,77,65,1.39,PH,1628245039
192,Saldanha,-33.0117,17.9442,18.03,65,0,1.55,ZA,1628245040
193,Naze,28.3667,129.4833,26.51,87,78,2.27,JP,1628245040
194,Seymchan,62.8833,152.4333,6.46,89,34,4.68,RU,1628245040
195,Aitape,-3.1374,142.3475,26.6,83,93,1.37,PG,1628245041
196,Rehau,50.25,12.0333,19.53,81,75,4.63,DE,1628245041
197,Saint-Philippe,-21.3585,55.7679,24.75,78,11,5.54,RE,1628245042
198,Kailua,21.4022,-157.7394,26.99,69,75,6.17,US,1628245042
199,Hluti,-27.2167,31.6167,30.41,13,0,1.46,SZ,1628244791
200,Ostrovnoy,68.0531,39.5131,16.5,59,91,1.37,RU,1628245043
201,Usinsk,65.9939,57.5281,11.92,89,100,3.89,RU,1628245043
202,Maragogi,-9.0122,-35.2225,24.03,76,32,5.86,BR,1628245044
203,Bairiki Village,1.3292,172.9752,28.0,74,40,2.06,KI,1628245044
204,Sorong,-0.8833,131.25,26.67,83,89,3.67,ID,1628245045
205,Santa Isabel Rio Negro,-0.4139,-65.0192,20.95,99,68,0.74,BR,1628245045
206,Northam,51.0333,-4.2167,19.1,85,20,9.82,GB,1628245046
207,Laas,46.6166,10.7002,22.41,50,34,1.3,IT,1628245046
208,Bengkulu,-3.8004,102.2655,28.18,73,74,1.41,ID,1628245047
209,Zhezkazgan,47.8043,67.7144,33.66,18,19,3.19,KZ,1628245047
210,Krasnosel'kup,65.7,82.4667,28.03,35,12,4.24,RU,1628245047
211,Margate,51.3813,1.3862,20.58,72,46,2.24,GB,1628245048
212,Esperance,-33.8667,121.9,15.21,59,0,4.18,AU,1628245048
213,Husavik,66.0449,-17.3389,12.95,73,72,1.1,IS,1628245049
214,Aktas,49.7789,72.9608,27.86,24,4,2.78,KZ,1628245049
215,San Cristobal,7.7669,-72.225,18.38,97,91,1.87,VE,1628244882
216,Portland,45.5234,-122.6762,20.02,81,95,0.45,US,1628245013
217,Chokurdakh,70.6333,147.9167,6.65,76,100,4.14,RU,1628245050
218,College,64.8569,-147.8028,18.99,77,75,2.06,US,1628245050
219,Avera,33.194,-82.5271,22.93,92,66,2.73,US,1628244782
220,Arraial do Cabo,-22.9661,-42.0278,18.92,94,75,1.03,BR,1628245051
221,Leningradskiy,69.3833,178.4167,2.56,94,100,4.35,RU,1628245051
222,Scottsbluff,41.8666,-103.6672,20.43,58,1,0.89,US,1628244790
223,Cabedelo,-6.9811,-34.8339,23.37,78,72,7.23,BR,1628245052
224,Coleraine,55.1333,-6.6667,18.02,91,99,1.97,GB,1628245052
225,Şırnak,37.5228,42.4594,37.04,15,3,5.91,TR,1628245053
226,Safi,32.2994,-9.2372,22.89,72,4,5.77,MA,1628245053
227,Ilhéus,-14.7889,-39.0494,20.57,92,100,4.8,BR,1628244824
228,Palmer,42.1584,-72.3287,18.96,83,90,0.0,US,1628245054
229,Laguna de Perlas,12.3429,-83.6712,25.46,89,50,3.46,NI,1628245054
230,El Alto,-4.2714,-81.2147,17.45,82,0,4.53,PE,1628245054
231,Comodoro Rivadavia,-45.8667,-67.5,11.92,37,0,3.6,AR,1628245055
232,Teseney,15.11,36.6575,29.42,51,100,1.71,ER,1628245055
233,Diamantino,-14.4086,-56.4461,19.37,39,95,1.68,BR,1628245056
234,Souillac,-20.5167,57.5167,24.21,60,40,4.63,MU,1628245056
235,Miyako,39.6367,141.9525,25.46,88,63,3.99,JP,1628244855
236,Luangwa,-15.6167,30.4167,28.46,30,0,3.13,ZM,1628245057
237,San Patricio,28.017,-97.5169,27.94,86,100,2.31,US,1628245057
238,Mahébourg,-20.4081,57.7,24.16,60,40,4.63,MU,1628245058
239,Cayenne,4.9333,-52.3333,23.02,91,75,0.89,GF,1628244915
240,Korsholm,63.1142,21.6822,23.52,37,0,1.54,FI,1628245058
241,Eyl,7.9803,49.8164,32.9,42,78,11.53,SO,1628245059
242,Nikel,69.4128,30.222,20.1,50,26,3.93,RU,1628245059
243,Forsytheganj,52.6333,29.7333,25.41,54,100,6.67,BY,1628245059
244,Tasiilaq,65.6145,-37.6368,6.09,78,100,1.7,GL,1628245060
245,Morehead,37.2711,-87.1764,17.84,99,40,0.0,US,1628245050
246,Grand Gaube,-20.0064,57.6608,24.22,56,8,4.02,MU,1628245061
247,Akdağmadeni,39.6603,35.8836,30.53,17,0,3.08,TR,1628245061
248,Fuyang,32.9,115.8167,28.6,85,70,3.06,CN,1628245062
249,Naushahro Firoz,26.8424,68.123,44.28,18,0,2.66,PK,1628245062
250,Hervey Bay,-25.2986,152.8535,15.57,73,84,4.13,AU,1628245063
251,Erciş,39.0287,43.3586,26.78,25,30,4.33,TR,1628245063
252,Luanda,-8.8368,13.2343,24.66,69,50,3.22,AO,1628244829
253,Novobirilyussy,56.9514,90.6661,23.89,54,66,2.21,RU,1628245064
254,Tupelo,34.2576,-88.7034,23.16,84,90,1.34,US,1628245064
255,Camiri,-20.05,-63.5167,5.88,75,0,0.0,BO,1628245065
256,Kodinsk,58.6881,99.1844,24.5,46,95,2.99,RU,1628245065
257,Kununurra,-15.7667,128.7333,24.99,16,5,4.12,AU,1628245066
258,Forestville,38.8451,-76.875,21.24,89,1,2.57,US,1628245066
259,Adrar,20.5022,-10.0711,36.19,17,21,9.25,MR,1628245067
260,Shunyi,40.125,116.6453,32.38,51,0,1.0,CN,1628245067
261,Port Lincoln,-34.7333,135.8667,12.85,69,95,3.97,AU,1628244835
262,Nazilli,37.9163,28.3223,37.61,9,0,3.84,TR,1628245067
263,Manbij,36.5281,37.9549,39.43,12,25,4.01,SY,1628245068
264,Yangi Marg`ilon,40.4272,71.7189,35.4,20,0,4.12,UZ,1628245068
265,Oranjemund,-28.55,16.4333,17.55,52,51,1.5,NA,1628245069
266,Bambanglipuro,-7.95,110.2833,26.72,81,59,7.31,ID,1628245069
267,Lac du Bonnet,50.2536,-96.0612,9.21,95,6,1.28,CA,1628245069
268,Camaná,-16.6228,-72.7111,15.71,88,98,2.85,PE,1628245070
269,Mayuge,0.4597,33.4803,26.62,45,97,3.05,UG,1628245070
270,Yuci,37.6803,112.7319,30.86,25,0,2.0,CN,1628245071
271,Buraidah,26.326,43.975,42.25,9,12,2.83,SA,1628245071
272,Vitória da Conquista,-14.8661,-40.8394,14.55,91,100,3.82,BR,1628245072
273,Fenoarivo Atsinanana,-17.3667,49.4167,23.12,65,29,4.29,MG,1628245072
274,Palmerston,-12.486,130.9833,25.49,27,41,1.54,AU,1628245073
275,Benjamín Hill,30.1667,-111.1,24.36,68,100,3.29,MX,1628245073
276,Guarapari,-20.6667,-40.4975,22.73,83,4,1.37,BR,1628245074
277,Severo-Kuril'sk,50.6789,156.125,11.23,77,8,4.87,RU,1628245074
278,Sharjah city,25.3573,55.4033,41.19,43,0,5.66,AE,1628245046
279,Sept-Îles,50.2001,-66.3821,15.03,96,84,0.45,CA,1628244837
280,Bolshaya Sosnova,57.6713,54.6029,21.19,42,2,5.09,RU,1628245075
281,Cap Malheureux,-19.9842,57.6142,24.27,56,5,4.02,MU,1628245075
282,Olafsvik,64.8945,-23.7142,11.85,82,26,0.69,IS,1628245076
283,Jutaí,-5.1833,-68.9,19.86,90,11,0.47,BR,1628245076
284,Birin,26.8865,88.0718,24.94,70,71,1.43,NP,1628245076
285,Kamalia,30.7333,72.65,43.3,22,5,3.1,PK,1628245077
286,Qena,26.1615,32.7183,42.06,8,0,4.24,EG,1628245078
287,Beisfjord,68.3751,17.5988,20.03,48,48,1.53,NO,1628245078
288,Lüderitz,-26.6481,15.1594,19.0,45,44,2.29,NA,1628245078
289,Pio XII,-3.8325,-45.1525,21.82,81,4,0.9,BR,1628245079
290,Tiznit Province,29.5833,-9.5,25.41,54,9,2.5,MA,1628245079
291,Cukai,4.25,103.4167,32.08,83,94,3.1,MY,1628245079
292,Kemijärvi,66.7131,27.4306,18.0,50,99,3.38,FI,1628245080
293,Shangrao,28.4532,117.9686,28.57,83,99,2.75,CN,1628245080
294,Shitanjing,39.2342,106.3439,27.47,15,99,2.14,CN,1628245081
295,Stutterheim,-32.5708,27.424,15.35,41,1,4.49,ZA,1628245081
296,Mlimba,-8.8,35.8167,30.56,35,2,2.48,TZ,1628245081
297,Bartica,6.4,-58.6167,24.18,99,56,1.08,GY,1628245082
298,Ashland,40.8167,-82.2665,18.38,88,60,2.88,US,1628245082
299,Gladstone,-23.85,151.25,15.96,72,99,2.06,AU,1628245083
300,Río Gallegos,-51.6226,-69.2181,2.36,54,0,8.39,AR,1628244848
301,Gamba,-2.65,10.0,25.99,71,49,3.19,GA,1628245083
302,Samarai,-10.6167,150.6667,25.08,77,100,7.35,PG,1628245084
303,Harindānga,22.0383,88.3214,33.99,65,85,3.98,IN,1628245084
304,Thessalon,46.2501,-83.5666,21.27,80,100,4.23,CA,1628245084
305,Nhlangano,-27.1167,31.2,27.28,14,0,3.86,SZ,1628245085
306,Kinablangan,7.6947,126.5503,27.81,86,96,4.43,PH,1628245085
307,Tyazhinskiy,56.116,88.524,21.43,70,93,1.61,RU,1628245086
308,Sioux Lookout,50.1001,-91.917,13.21,94,90,1.54,CA,1628245086
309,Tabuk,17.4189,121.4443,30.79,63,100,0.99,PH,1628245087
310,Sanary-sur-Mer,43.1178,5.8001,30.93,52,2,5.81,FR,1628245087
311,Edd,13.9297,41.6925,35.35,52,79,4.77,ER,1628245088
312,Acapulco de Juárez,16.8634,-99.8901,24.92,89,100,2.73,MX,1628245088
313,São Lourenço da Serra,-23.8525,-46.9425,14.98,97,100,0.52,BR,1628245088
314,Bantry,51.6833,-9.45,17.71,71,48,7.71,IE,1628245089
315,Tazovsky,67.4667,78.7,23.27,49,29,2.71,RU,1628245089
316,Karratha,-20.7377,116.8463,22.35,50,41,6.02,AU,1628245090
317,Leh,34.1667,77.5833,21.63,21,42,3.09,IN,1628245090
318,Airai,-8.9266,125.4092,15.68,78,92,2.1,TL,1628244949
319,Anshun,26.25,105.9333,26.34,69,93,2.04,CN,1628245091
320,Tiksi,71.6872,128.8694,4.69,90,100,7.62,RU,1628245091
321,Coyhaique,-45.5752,-72.0662,2.97,93,90,2.57,CL,1628245092
322,Itarema,-2.9248,-39.9167,25.47,67,24,6.46,BR,1628245092
323,Yar-Sale,66.8333,70.8333,25.23,46,27,4.21,RU,1628245092
324,Noumea,-22.2763,166.4572,21.11,99,97,1.63,NC,1628245093
325,Salym,60.0625,71.4789,25.85,43,100,1.37,RU,1628245093
326,Mar del Plata,-38.0023,-57.5575,12.27,31,90,5.81,AR,1628244901
327,Hokitika,-42.7167,170.9667,8.08,90,31,2.07,NZ,1628245094
328,Aliaga,15.5167,120.8667,27.29,83,100,5.88,PH,1628245094
329,Nanortalik,60.1432,-45.2371,8.34,94,96,4.22,GL,1628245095
330,Monroe,43.1501,-77.6831,18.87,87,20,2.57,US,1628244907
331,Myitkyina,25.3833,97.4,30.34,78,71,2.27,MM,1628245095
332,Pisco,-13.7,-76.2167,16.12,82,90,1.54,PE,1628245096
333,Anadyr,64.75,177.4833,11.28,87,0,4.0,RU,1628245096
334,Mossamedes,-15.1961,12.1522,24.53,56,0,3.01,AO,1628245096
335,Verkh-Usugli,52.7,115.1667,20.15,62,97,0.97,RU,1628245097
336,Mīnāb,27.1467,57.0801,43.19,22,0,8.33,IR,1628245097
337,Beringovskiy,63.05,179.3167,9.78,81,100,2.65,RU,1628245098
338,Harrisonville,38.6533,-94.3488,21.6,86,1,0.0,US,1628245099
339,Santiago,-33.4569,-70.6483,11.27,74,100,1.03,CL,1628244697
340,Kirensk,57.7853,108.1119,18.85,86,50,3.18,RU,1628245099
341,Gravdal,68.1214,13.5031,16.94,67,20,4.12,NO,1628245100
342,Kainantu,-6.2887,145.8655,15.31,98,49,1.42,PG,1628245100
343,Kulhudhuffushi,6.6221,73.07,28.18,79,100,8.38,MV,1628245101
344,Kaitangata,-46.2817,169.8464,8.29,78,77,2.43,NZ,1628245101
345,Maple Creek,49.9168,-109.4848,22.03,46,100,5.14,CA,1628245102
346,Snezhnogorsk,69.1933,33.2531,19.88,58,66,2.75,RU,1628245102
347,Fairbanks,64.8378,-147.7164,19.0,78,1,1.54,US,1628245018
348,Port Blair,11.6667,92.75,28.25,82,100,9.37,IN,1628245103
349,Oktyabr'skoye,43.0645,44.7417,32.08,33,0,4.0,RU,1628245103
350,Bonthe,7.5264,-12.505,26.95,67,99,4.91,SL,1628245103
351,Tezu,27.9167,96.1667,35.78,52,71,1.43,IN,1628245104
352,Blackwater,-23.5833,148.8833,14.97,41,81,3.42,AU,1628245104
353,Basqal,40.7552,48.391,32.25,16,0,5.36,AZ,1628245105
354,Tari,12.4086,4.4914,28.67,63,83,5.74,NG,1628245105
355,Aleppo Governorate,36.25,37.5,39.31,18,93,6.77,SY,1628245106
356,Pātūr,20.45,76.9333,28.09,69,99,6.17,IN,1628245107
357,Kavieng,-2.5744,150.7967,28.13,76,86,6.29,PG,1628245107
358,Haradok,55.4624,29.9816,15.13,98,100,5.42,BY,1628245108
359,Isangel,-19.55,169.2667,21.16,76,87,6.16,VU,1628245108
360,Lompoc,34.6391,-120.4579,13.82,90,90,1.54,US,1628245109
361,Belyy Yar,53.6039,91.3903,17.94,88,40,2.0,RU,1628245109
362,Katobu,-4.9408,122.5276,23.32,93,100,2.62,ID,1628245110
363,Dali,25.7,100.1833,25.02,61,64,2.13,CN,1628245110
364,Shahrud,36.4182,54.9763,31.29,16,3,5.26,IR,1628245110
365,Lorengau,-2.0226,147.2712,27.68,82,54,4.89,PG,1628245111
366,Danielskuil,-28.1887,23.5395,19.72,14,0,5.68,ZA,1628245112
367,Killybegs,54.6333,-8.45,15.84,91,100,2.27,IE,1628245112
368,Ouésso,1.6136,16.0517,27.54,73,79,1.96,CG,1628245112
369,Dabat,12.9842,37.765,16.66,73,96,3.18,ET,1628245113
370,Niterói,-22.8833,-43.1036,19.21,94,40,1.03,BR,1628245072
371,Bowen,-20.0167,148.2333,18.25,71,100,5.38,AU,1628245113
372,Bayburt,40.2589,40.2278,30.05,22,75,0.75,TR,1628245114
373,Palembang,-2.9167,104.7458,28.05,74,20,3.09,ID,1628245114
374,Anito,12.4497,125.2886,30.35,63,89,3.86,PH,1628245115
375,Kandrian,-6.2167,149.55,25.9,81,95,7.17,PG,1628245115
376,Fare,-16.7,-151.0167,25.7,72,14,2.61,PF,1628245115
377,Labuhan,-6.8844,112.2051,29.23,67,43,6.14,ID,1628245116
378,Takoradze,4.8845,-1.7554,27.1,70,56,3.36,GH,1628245116
379,Banepā,27.6298,85.5214,26.18,74,75,2.57,NP,1628245117
380,Codrington,-38.2667,141.9667,10.65,87,100,3.9,AU,1628245117
381,Banes,20.9625,-75.7186,25.34,87,13,2.46,CU,1628245117
382,Revelstoke,50.9832,-118.2023,17.01,88,90,1.54,CA,1628245118
383,Zeya,53.75,127.2667,16.19,98,100,1.39,RU,1628245118
384,Banda Aceh,5.5577,95.3222,30.36,62,84,7.09,ID,1628245118
385,Mariāni,26.6667,94.3333,34.57,62,35,0.93,IN,1628245119
386,Richmond,37.5538,-77.4603,18.41,94,1,0.0,US,1628245120
387,Senador Pompeu,-5.5881,-39.3717,23.3,62,17,3.32,BR,1628245120
388,Narsaq,60.9167,-46.05,7.12,84,96,1.46,GL,1628245120
389,Purpe,64.4803,76.6897,27.52,39,7,5.41,RU,1628245121
390,Saint Anthony,45.0205,-93.218,20.96,90,75,1.34,US,1628245121
391,Miraflores,19.2167,-98.8083,15.57,96,100,1.0,MX,1628245122
392,Dandong,40.1292,124.3947,24.73,83,41,0.92,CN,1628245122
393,Flin Flon,54.7682,-101.865,13.72,90,77,1.32,CA,1628245048
394,Tocopilla,-22.092,-70.1979,15.26,67,19,2.09,CL,1628244714
395,Hofn,64.2539,-15.2082,11.78,86,96,1.01,IS,1628244838
396,Mt. Pleasant,32.7941,-79.8626,25.55,97,90,1.34,US,1628244908
397,Yārāda,17.65,83.2667,34.18,55,75,5.14,IN,1628245123
398,Waingapu,-9.6567,120.2641,26.39,68,96,7.49,ID,1628245124
399,Bukachacha,52.9833,116.9167,18.11,81,96,0.99,RU,1628245124
400,Port-Gentil,-0.7193,8.7815,27.98,65,40,5.14,GA,1628245125
401,Udachny,66.4167,112.4,14.16,51,68,10.09,RU,1628245125
402,Evensk,61.95,159.2333,11.3,76,30,7.54,RU,1628245125
403,Hwange,-18.3693,26.5019,27.09,18,0,2.08,ZW,1628245126
404,Bathsheba,13.2167,-59.5167,27.34,78,40,6.69,BB,1628245126
405,Sturgeon Falls,46.3646,-79.9326,17.83,85,88,3.86,CA,1628245127
406,Jinji,23.2281,110.8261,28.49,89,100,2.59,CN,1628245127
407,Kruisfontein,-34.0033,24.7314,17.71,78,91,3.48,ZA,1628245128
408,Inhambane,-23.865,35.3833,26.03,44,0,2.99,MZ,1628245128
409,Shingū,33.7333,135.9833,28.84,93,87,2.48,JP,1628245128
410,Almaty,43.25,76.95,32.95,16,40,1.0,KZ,1628244908
411,Mahon,39.8885,4.2658,28.31,61,20,3.09,ES,1628244911
412,Bodaybo,57.8506,114.1933,17.44,84,100,2.23,RU,1628245129
413,Panabá,21.2833,-88.2667,23.21,96,22,2.26,MX,1628245130
414,Machalí,-34.1833,-70.6667,12.14,48,100,1.02,CL,1628245130
415,Níjar,36.9665,-2.206,23.8,78,0,3.09,ES,1628245130
416,Gimli,50.6336,-96.9907,13.01,88,7,1.03,CA,1628245131
417,Fonte Boa,-2.4959,-66.2662,20.87,94,59,0.83,BR,1628245131
418,Talnakh,69.4865,88.3972,27.85,37,23,0.77,RU,1628245132
419,Tumen,42.9661,129.8425,21.71,95,100,1.23,CN,1628245132
420,Sinnamary,5.3833,-52.95,23.97,91,77,2.5,GF,1628245132
421,Beloha,-25.1667,45.05,28.13,25,0,0.92,MG,1628245133
422,Tongchuanshi,35.0806,109.0897,32.14,28,60,3.61,CN,1628245133
423,Bundaberg,-24.85,152.35,15.12,77,90,0.0,AU,1628244966
424,Pacifica,37.6138,-122.4869,16.79,93,75,3.13,US,1628244881
425,Nantucket,41.2835,-70.0995,19.08,98,1,2.06,US,1628245085
426,Srednekolymsk,67.45,153.6833,8.8,77,100,2.75,RU,1628245134
427,Barra do Garças,-15.89,-52.2567,18.89,46,100,1.83,BR,1628245135
428,Ancud,-41.8697,-73.8203,9.74,86,100,5.55,CL,1628245061
429,Sakaiminato,35.55,133.2333,30.96,79,40,4.12,JP,1628245135
430,Natal,-5.795,-35.2094,24.12,83,75,5.66,BR,1628245086
431,Jakar,27.5492,90.7525,19.24,86,71,1.66,BT,1628245136
432,Martapura,-3.4167,114.85,30.05,58,77,1.54,ID,1628245136
433,Chitipa,-9.7024,33.2697,25.2,37,1,4.35,MW,1628245137
434,Yulara,-25.2406,130.9889,14.91,29,0,2.06,AU,1628245137
435,Shestakovo,56.4915,103.96,22.42,50,86,3.01,RU,1628245138
436,Sunel,24.3667,75.9667,24.72,91,100,5.95,IN,1628245138
437,Amberley,39.2048,-84.428,19.49,90,40,0.0,US,1628245139
438,Pangnirtung,66.1451,-65.7125,3.99,99,100,2.92,CA,1628245139
439,Neiafu,-18.65,-173.9833,24.16,61,10,0.94,TO,1628245139
440,Wuwei,37.9281,102.6414,25.28,39,74,2.92,CN,1628245140
441,Benton Harbor,42.1167,-86.4542,21.17,72,75,2.57,US,1628245140
442,Armidale,-30.5167,151.65,1.01,93,0,1.33,AU,1628245141
443,Khamamatyurt,43.6081,46.5006,35.01,20,0,7.16,RU,1628245141
444,Farkhor,37.4922,69.4036,39.49,10,1,2.26,TJ,1628245142
445,Buchanan,5.8808,-10.0467,27.98,70,99,3.94,LR,1628245142
446,Bilibino,68.0546,166.4372,13.45,76,95,2.43,RU,1628245143
447,Santa Isabel,-23.3156,-46.2214,14.9,98,100,1.44,BR,1628245143
448,Vestmannaeyjar,63.4427,-20.2734,13.55,94,75,2.06,IS,1628245143
449,San Miguel,13.4833,-88.1833,22.23,99,100,0.96,SV,1628245144
450,Mandalgovi,45.7625,106.2708,27.2,20,80,4.51,MN,1628245144
451,Okhotsk,59.3833,143.3,16.36,59,70,6.39,RU,1628245145
452,Egvekinot,66.3167,-179.1667,7.63,90,100,4.7,RU,1628245145
453,San Quintín,30.4833,-115.95,19.0,90,34,2.24,MX,1628245145
454,Broome,42.2506,-75.833,16.43,87,1,0.0,US,1628245146
455,Jinxiang,27.4327,120.6062,25.95,90,100,1.94,CN,1628245146
456,Kerchevskiy,59.946,56.2884,19.1,45,100,4.74,RU,1628245147
457,Nguru,12.8791,10.4526,31.19,51,98,6.3,NG,1628245147
458,Torrington,41.8007,-73.1212,18.77,97,23,1.52,US,1628245148
459,Cambridge,43.3601,-80.3127,18.63,90,6,2.26,CA,1628245014
460,Maceió,-9.6658,-35.7353,22.69,88,40,1.54,BR,1628245110
461,Guerrero Negro,27.9769,-114.0611,22.22,79,0,2.22,MX,1628245148
462,Kharitonovo,61.4009,47.4978,21.32,39,96,1.2,RU,1628245149
463,Kisi,9.0833,3.85,25.22,79,97,3.41,NG,1628245150
464,Lake City,30.1897,-82.6393,23.62,99,55,1.56,US,1628245150
465,Rey Bouba,8.6724,14.1786,28.45,68,100,1.59,CM,1628245150
466,Huarmey,-10.0681,-78.1522,16.81,89,37,4.05,PE,1628245151
467,Kiyevskoye,45.0383,37.8883,31.17,33,34,3.65,RU,1628245151
468,Bosaso,11.2842,49.1816,37.27,34,15,3.38,SO,1628245152
469,San Miguel de Tucumán,-26.8241,-65.2226,10.0,66,0,3.09,AR,1628245152
470,Esim,4.8699,-2.2405,26.65,72,65,3.86,GH,1628244901
471,Ahipara,-35.1667,173.1667,13.18,86,40,10.28,NZ,1628245153
472,Dodge City,37.7528,-100.0171,20.14,92,1,2.68,US,1628245153
473,Vao,-22.6667,167.4833,20.3,64,69,6.28,NC,1628245154
474,Gijang,35.2442,129.2139,34.85,79,5,4.22,KR,1628245154
475,Darhan,49.4867,105.9228,27.78,50,48,2.85,MN,1628245154
476,Paldiski,59.3567,24.0531,21.06,46,40,7.2,EE,1628245155
477,Abilene,32.4487,-99.7331,23.38,78,1,0.45,US,1628245155
478,Pochutla,15.7432,-96.4661,23.23,91,100,1.64,MX,1628245156
479,Kumul,42.8,93.45,36.07,11,96,8.11,CN,1628245156
480,Haines Junction,60.7522,-137.5108,12.97,82,100,3.09,CA,1628245156
481,Swan Hill,-35.3378,143.5544,11.68,64,100,1.98,AU,1628245157
482,Karonga,-9.9333,33.9333,24.38,57,0,3.55,MW,1628245158
483,Ampanihy,-24.7,44.75,28.43,21,1,1.8,MG,1628245158
484,Constitución,-35.3333,-72.4167,9.78,88,100,1.2,CL,1628245159
485,Urengoy,65.9667,78.3667,27.67,40,13,4.14,RU,1628245159
486,Miquelon,47.0975,-56.3814,17.0,99,100,7.45,PM,1628245160
487,Berëzovka,53.7214,25.4993,18.03,94,100,5.5,BY,1628245160
488,Biak,-0.9131,122.8766,25.0,85,94,3.78,ID,1628245160
489,Qaqortoq,60.7167,-46.0333,7.28,87,90,2.04,GL,1628245161
490,Mayna,54.1135,47.6231,25.03,32,58,2.69,RU,1628245161
491,Novikovo,51.1537,37.8879,31.54,36,89,7.12,RU,1628245162
492,Kaeo,-35.1,173.7833,13.51,85,88,7.31,NZ,1628245162
493,Kokkola,63.8385,23.1307,22.24,49,0,1.34,FI,1628245163
494,Xiaoshi,41.2971,124.1209,20.01,93,100,1.65,CN,1628245163
495,Chui,-33.6971,-53.4616,14.03,90,99,3.88,UY,1628245164
496,Kaka,37.3482,59.6143,38.65,11,0,6.19,TM,1628245087
497,Mokhsogollokh,61.4681,128.9203,22.17,41,49,4.74,RU,1628245165
498,Gogrial,8.5332,28.1004,33.32,45,84,2.07,SS,1628245165
499,Kosa,59.9445,54.9977,19.48,42,9,4.54,RU,1628245165
500,Yayva,59.3303,57.2641,19.47,47,100,4.82,RU,1628245166
501,Santa Fe,-31.6333,-60.7,11.67,94,2,0.89,AR,1628245067
502,Linguère,15.3953,-15.1193,28.93,68,92,6.8,SN,1628245167
503,Bayir,37.2687,28.2167,36.29,10,0,5.68,TR,1628245167
504,Tarakan,3.3,117.6333,27.72,83,75,1.03,ID,1628245167
505,Marawi,7.9986,124.2928,20.36,88,100,1.54,PH,1628245168
506,Levelland,33.5873,-102.378,22.47,61,0,3.93,US,1628244920
507,Talā,30.6803,30.9429,41.51,11,0,4.37,EG,1628245169
508,Camacha,33.0833,-16.3333,23.42,83,75,5.14,PT,1628245169
509,Kutum,14.2,24.6667,30.78,38,54,6.51,SD,1628245169
510,Ust-Maya,60.4167,134.5333,20.15,46,100,4.57,RU,1628245170
511,Al Bardīyah,31.7561,25.0865,33.97,40,0,7.84,LY,1628245170
512,Safford,32.834,-109.7076,30.59,47,20,0.0,US,1628245170
513,Gerāsh,27.6652,54.1371,39.19,13,0,4.9,IR,1628245171
514,Sangar,63.9242,127.4739,22.55,31,13,5.64,RU,1628245171
515,Aransas Pass,27.9095,-97.15,28.02,90,40,1.34,US,1628245172
516,Port Townsend,48.117,-122.7605,19.72,85,90,5.36,US,1628245172
517,Lynn Haven,30.2455,-85.6483,22.06,95,1,2.57,US,1628245172
518,Boyolangu,-8.1181,111.8935,25.82,83,64,3.63,ID,1628245173
519,Vaitape,-16.5167,-151.75,25.85,75,29,3.0,PF,1628245174
520,Sulangan,11.1373,123.7228,30.47,71,76,4.29,PH,1628245174
521,Inongo,-1.95,18.2667,26.48,49,25,0.59,CD,1628245174
522,Tomball,30.0972,-95.6161,25.32,84,1,0.0,US,1628245048
523,Tortolì,39.9256,9.6572,35.55,46,0,3.09,IT,1628245176
524,Zhigansk,66.7697,123.3711,19.71,33,3,3.76,RU,1628245176
525,Kautokeino,69.0125,23.0412,17.54,55,97,7.04,NO,1628245177
526,La Paz,-16.5,-68.15,1.99,37,20,3.09,BO,1628244904
527,Rio Grande,-32.035,-52.0986,14.41,96,99,6.01,BR,1628245177
528,Taoudenni,22.6783,-3.9836,39.41,24,46,10.69,ML,1628245178
529,Yantal',56.8471,105.2542,20.54,58,93,2.29,RU,1628245178
530,Dzhebariki-Khaya,62.2167,135.8,21.91,57,97,0.21,RU,1628245179
531,Oranjestad,12.524,-70.027,27.22,85,0,11.53,AW,1628244894
532,Nurobod,40.9056,69.8023,35.47,15,3,4.86,UZ,1628245179
533,Soyo,-6.1349,12.3689,25.15,68,45,2.44,AO,1628245180
534,Gweta,-20.1833,25.2333,25.63,17,0,3.53,BW,1628245180
535,Jieshi,22.8134,115.8257,29.41,90,100,10.07,CN,1628245181
536,Baruun-Urt,46.6806,113.2792,26.44,37,48,2.63,MN,1628245181
537,Nishihara,26.1842,127.7558,27.81,95,75,2.06,JP,1628245181
538,Atar,20.5169,-13.0499,36.26,15,29,2.79,MR,1628245182
539,Tākestān,36.0696,49.6959,31.97,21,69,4.03,IR,1628245182
540,Kitob,39.0843,66.8332,37.32,11,14,4.55,UZ,1628245183
541,Néa Anchiálos,39.2833,22.8167,35.75,17,20,8.23,GR,1628245183
542,Mercedes,-34.6515,-59.4307,11.59,94,0,3.57,AR,1628245184
543,Umluj,25.0213,37.2685,36.28,32,2,3.3,SA,1628245184
544,Wanning,18.8003,110.3967,29.91,77,96,1.81,CN,1628245184
545,Mocuba,-16.8392,36.9856,30.27,32,0,1.6,MZ,1628245185
546,Jalesar,27.4833,78.3167,34.0,53,100,2.16,IN,1628245185
547,Vila Velha,-20.3297,-40.2925,22.76,85,40,1.54,BR,1628245186
548,Kovdor,67.5662,30.4758,15.02,65,93,1.58,RU,1628245186
549,Rincon,32.296,-81.2354,24.92,95,40,1.54,US,1628245183
550,Christchurch,-43.5333,172.6333,8.28,90,20,2.06,NZ,1628245187
551,Aasiaat,68.7098,-52.8699,4.05,95,99,5.35,GL,1628245187
552,Baker City,44.7749,-117.8344,15.66,80,1,0.0,US,1628245188
553,Edgewater,28.9889,-80.9023,24.6,88,40,2.04,US,1628244943
554,Cap-Chat,49.1001,-66.6821,18.0,77,100,3.09,CA,1628245188
